1,227,19,2014-12-15,2060-11-29,Marketing Specialist					
2,429,83,2007-07-29,2019-09-14,Marketing Specialist					
3,431,15,1981-10-19,2053-10-30,Financial Analyst					
4,127,31,1943-06-26,2046-03-28,Developer					
5,465,64,2004-03-27,2062-11-27,Accountant					
6,255,33,1966-07-18,2019-05-20,Manager					
7,405,50,1954-10-13,2043-06-21,Financial Analyst					
8,20,100,1944-05-17,2066-09-13,Marketing Specialist					
9,491,69,2014-08-31,2017-10-01,IT Specialist					
10,364,27,1950-04-08,2043-10-29,Marketing Specialist					
11,399,37,1947-11-05,2036-09-11,Financial Analyst					
12,232,69,2006-10-28,2063-10-14,HR Specialist					
13,80,85,2005-03-20,2037-06-18,Accountant					
14,380,81,2002-04-13,2036-06-05,Developer					
15,239,28,1993-06-24,2052-03-04,Marketing Specialist					
16,29,86,2000-12-13,2036-03-17,HR Specialist					
17,346,86,1987-10-11,2051-02-21,Manager					
18,71,89,1943-09-26,2044-01-30,Manager					
19,157,47,1940-06-09,2060-05-27,Marketing Specialist					
20,317,44,1958-02-12,2046-12-31,IT Specialist					
21,271,8,1992-10-12,2043-03-10,Accountant					
22,319,38,1980-02-12,2064-08-28,IT Specialist					
23,421,35,1988-10-27,2050-06-27,Financial Analyst					
24,354,4,1952-03-25,2040-04-14,Customer Service Representative					
25,71,59,1940-08-12,2037-06-07,Accountant					
26,67,43,1945-02-22,2036-03-25,Financial Analyst					
27,489,24,1996-11-13,2040-06-04,Manager					
28,77,74,2007-08-19,2058-01-03,IT Specialist					
29,352,11,2000-12-09,2044-10-30,HR Specialist					
30,188,74,1942-05-14,2041-04-08,HR Specialist					
31,271,46,1964-03-27,2027-07-06,Developer					
32,456,18,1970-03-31,2039-11-17,Operations Manager					
33,426,30,1973-08-06,2049-06-01,Developer					
34,471,20,1982-03-22,2039-10-25,Sales Representative					
35,438,33,1959-05-24,2046-06-01,Developer					
36,94,13,1954-02-17,2062-08-31,Financial Analyst					
37,210,67,1968-05-09,2029-02-23,HR Specialist					
38,484,43,2004-04-12,2052-10-02,Manager					
39,393,81,1988-08-27,2054-10-29,Manager					
40,47,44,1995-06-10,2045-06-26,Developer					
41,333,79,1986-06-22,2059-01-16,Customer Service Representative					
42,147,38,1996-11-21,2034-04-05,Financial Analyst					
43,39,70,1946-05-16,2052-03-27,Developer					
44,111,94,1943-09-13,2027-05-13,Financial Analyst					
45,166,95,1945-04-28,2043-05-26,Financial Analyst					
46,339,18,1972-02-11,2032-12-04,Developer					
47,411,79,1967-09-15,2051-05-30,Accountant					
48,54,11,1953-03-01,2052-06-23,Customer Service Representative					
49,375,2,1993-03-11,2061-05-12,Marketing Specialist					
50,188,30,2002-05-11,2020-03-21,Developer					
51,466,65,1954-05-11,2069-03-27,Accountant					
52,461,13,2009-02-07,2027-08-08,Sales Representative					
53,400,82,2000-01-11,2054-07-30,Sales Representative					
54,322,13,1945-08-21,2041-12-06,Financial Analyst					
55,478,1,2000-06-13,2060-04-27,Accountant					
56,425,70,1952-12-05,2041-03-16,Developer					
57,392,28,2012-04-01,2023-03-05,Developer					
58,48,100,1980-10-22,2065-06-22,Financial Analyst					
59,47,76,1942-11-22,2040-03-04,Customer Service Representative					
60,448,62,1995-05-15,2047-07-12,Sales Representative					
61,205,59,1990-10-06,2029-06-02,Financial Analyst					
62,454,35,1964-10-21,2042-09-06,Sales Representative					
63,324,37,1991-01-21,2041-12-22,Customer Service Representative					
64,78,83,1967-11-10,2046-09-02,Operations Manager					
65,430,76,2012-09-10,2025-04-07,IT Specialist					
66,472,73,1949-06-21,2017-04-23,Manager					
67,272,25,1986-03-12,2029-12-21,Sales Representative					
68,306,32,1956-07-21,2059-05-08,Sales Representative					
69,398,53,2013-03-17,2066-10-05,Sales Representative					
70,86,43,1989-05-05,2022-06-08,Marketing Specialist					
71,443,21,1952-08-13,2040-10-23,Developer					
72,274,77,1993-06-25,2047-09-05,Sales Representative					
73,386,94,1983-10-14,2045-03-21,Financial Analyst					
74,453,55,1945-02-25,2038-12-21,HR Specialist					
75,24,4,2014-10-11,2049-07-29,Accountant					
76,58,12,1979-09-19,2027-03-26,Accountant					
77,293,87,1991-04-08,2041-01-07,Accountant					
78,459,59,1943-04-22,2027-01-20,Customer Service Representative					
79,272,26,2000-11-21,2069-08-26,Operations Manager					
80,163,40,1976-03-03,2030-09-20,Marketing Specialist					
81,184,6,1958-03-30,2033-06-10,IT Specialist					
82,154,17,2010-04-06,2069-11-01,Accountant					
83,61,45,1967-12-26,2046-09-07,Operations Manager					
84,305,54,1959-07-19,2061-07-11,Accountant					
85,478,18,1941-10-16,2039-08-26,Marketing Specialist					
86,13,1,2002-04-11,2024-12-14,IT Specialist					
87,186,62,1970-10-06,2054-11-25,Accountant					
88,490,50,1948-05-10,2056-04-15,Customer Service Representative					
89,111,86,1945-06-13,2039-08-13,Manager					
90,11,77,2008-12-27,2065-07-27,Sales Representative					
91,232,33,1987-05-14,2066-08-27,Financial Analyst					
92,476,16,1962-08-23,2050-06-08,Marketing Specialist					
93,153,49,2012-05-11,2041-07-04,Accountant					
94,126,18,1971-10-24,2030-05-13,HR Specialist					
95,108,85,2004-03-22,2053-11-30,Accountant					
96,142,97,1941-03-02,2017-10-13,HR Specialist					
97,61,99,1970-11-29,2044-04-09,Developer					
98,287,79,2006-10-01,2024-05-11,IT Specialist					
99,23,14,1948-01-15,2027-09-15,Operations Manager					
100,221,17,1997-08-20,2044-10-01,Financial Analyst					
101,377,32,1946-12-01,2064-10-29,Sales Representative					
102,270,87,1968-08-06,2041-03-01,Developer					
103,115,73,1979-09-17,2050-10-28,Marketing Specialist					
104,485,8,1985-02-24,2060-02-06,Manager					
105,200,65,1979-08-01,2024-07-03,IT Specialist					
106,70,33,1992-04-23,2043-10-14,Customer Service Representative					
107,125,6,1983-08-24,2022-07-09,Operations Manager					
108,148,82,1997-09-02,2058-09-13,Marketing Specialist					
109,164,58,1966-08-05,2020-09-01,Operations Manager					
110,228,95,1990-01-06,2035-04-03,Accountant					
111,443,11,1957-02-22,2052-03-20,IT Specialist					
112,71,90,1970-10-11,2069-09-25,Customer Service Representative					
113,297,98,1991-07-10,2040-02-26,HR Specialist					
114,407,23,1967-10-02,2053-08-23,Manager					
115,44,87,2002-06-29,2039-05-03,IT Specialist					
116,363,9,1940-06-22,2030-08-28,Sales Representative					
117,110,60,1942-05-25,2029-08-23,Operations Manager					
118,24,62,1985-04-28,2028-12-05,Marketing Specialist					
119,406,71,1965-07-24,2033-10-24,Sales Representative					
120,433,77,1943-06-16,2025-07-01,Operations Manager					
121,248,35,2006-05-26,2028-11-14,Developer					
122,340,45,1959-10-24,2032-08-05,IT Specialist					
123,297,45,1941-02-20,2058-01-27,Sales Representative					
124,258,40,1971-09-20,2024-06-04,Marketing Specialist					
125,129,11,1999-01-06,2041-03-04,HR Specialist					
126,329,12,1975-01-17,2026-03-21,Operations Manager					
127,9,9,1964-05-15,2064-10-19,Developer					
128,435,32,1975-07-09,2065-06-12,Marketing Specialist					
129,5,98,1971-12-28,2053-06-02,HR Specialist					
130,20,75,1987-03-24,2043-10-05,Accountant					
131,355,48,1968-08-06,2052-03-30,Financial Analyst					
132,147,38,1943-07-08,2050-03-28,Customer Service Representative					
133,430,11,1989-12-11,2029-05-21,Operations Manager					
134,449,48,1940-09-16,2053-04-20,Operations Manager					
135,377,11,2011-11-08,2059-03-24,Sales Representative					
136,455,53,1990-08-06,2029-12-23,Marketing Specialist					
137,249,72,1964-10-29,2029-06-18,Financial Analyst					
138,376,19,1955-05-12,2043-11-16,IT Specialist					
139,301,39,1958-05-05,2065-11-20,Manager					
140,14,23,1983-09-01,2042-02-19,Developer					
141,375,46,2007-04-15,2062-03-09,Manager					
142,285,80,1967-06-25,2053-08-04,Developer					
143,230,48,1947-04-27,2059-03-07,Marketing Specialist					
144,431,72,1972-05-12,2016-03-30,Operations Manager					
145,278,97,1947-03-17,2022-08-23,Sales Representative					
146,164,92,2008-03-25,2050-05-25,Accountant					
147,383,100,1975-08-19,2032-12-02,Customer Service Representative					
148,336,22,1940-02-12,2047-04-05,Manager					
149,86,85,1997-01-08,2054-02-19,Accountant					
150,478,61,1990-01-23,2021-09-22,Financial Analyst					
151,71,36,1974-10-06,2029-01-07,Manager					
152,50,32,1962-11-15,2027-07-18,Sales Representative					
153,269,91,2012-11-28,2066-04-09,Operations Manager					
154,294,45,1990-03-28,2046-05-10,Customer Service Representative					
155,431,20,1976-08-21,2035-11-08,Customer Service Representative					
156,150,55,2004-03-01,2062-11-18,Operations Manager					
157,332,73,1943-12-12,2068-01-13,HR Specialist					
158,141,88,1972-04-03,2060-09-03,Marketing Specialist					
159,451,51,1985-04-20,2057-05-01,IT Specialist					
160,96,47,1994-11-29,2017-09-18,Financial Analyst					
161,417,71,1946-12-22,2030-05-28,IT Specialist					
162,480,24,1977-01-11,2054-10-06,Developer					
163,49,73,1945-04-12,2064-08-05,Customer Service Representative					
164,192,84,1952-09-15,2056-09-04,Customer Service Representative					
165,281,56,1952-07-24,2056-03-18,Sales Representative					
166,290,35,1969-08-28,2055-09-27,Manager					
167,56,86,1973-08-24,2055-07-13,Financial Analyst					
168,500,40,1974-05-02,2067-06-06,Operations Manager					
169,215,67,1942-09-13,2031-02-04,Sales Representative					
170,301,82,1952-07-25,2017-04-07,Customer Service Representative					
171,346,72,1944-06-24,2035-02-22,Marketing Specialist					
172,222,58,2008-11-12,2023-10-22,Developer					
173,220,34,1955-04-13,2035-03-14,Operations Manager					
174,4,25,2011-05-25,2052-04-20,Marketing Specialist					
175,242,90,1984-08-28,2052-06-18,Marketing Specialist					
176,19,93,1960-04-03,2018-10-28,IT Specialist					
177,320,67,1952-12-06,2057-01-30,Operations Manager					
178,135,84,1967-10-26,2054-11-17,Sales Representative					
179,321,13,1963-07-20,2065-03-21,Customer Service Representative					
180,321,96,1984-01-15,2060-10-01,Developer					
181,24,36,1976-11-07,2037-12-21,Sales Representative					
182,5,6,1984-06-05,2060-01-21,Accountant					
183,443,83,1982-02-28,2049-11-13,Customer Service Representative					
184,119,4,1962-04-18,2038-11-04,Marketing Specialist					
185,174,76,1961-10-11,2052-08-16,Marketing Specialist					
186,338,25,1948-07-21,2041-08-16,Customer Service Representative					
187,436,92,1945-10-10,2062-01-03,Operations Manager					
188,449,71,1998-12-17,2021-06-08,HR Specialist					
189,486,37,1994-10-12,2060-09-30,Sales Representative					
190,26,56,1997-06-20,2064-05-15,Operations Manager					
191,304,58,2005-01-10,2053-03-01,Financial Analyst					
192,319,5,1947-05-05,2056-08-04,Accountant					
193,110,66,1952-12-29,2064-04-06,Financial Analyst					
194,97,8,2006-04-02,2043-08-03,Financial Analyst					
195,239,39,1990-01-06,2051-01-11,Operations Manager					
196,206,51,1959-01-23,2058-09-14,Developer					
197,179,81,1941-07-24,2025-03-08,Financial Analyst					
198,460,51,1979-03-08,2067-09-17,Manager					
199,494,47,1947-12-13,2065-01-04,HR Specialist					
200,24,29,1983-10-09,2031-09-14,Operations Manager					
201,101,92,1968-09-13,2060-02-01,Accountant					
202,95,30,2006-10-08,2026-08-16,Marketing Specialist					
203,90,43,1991-07-28,2027-07-15,Manager					
204,379,38,2003-03-16,2063-01-19,Customer Service Representative					
205,105,3,1963-06-13,2017-02-24,IT Specialist					
206,63,12,1962-04-08,2042-03-27,Customer Service Representative					
207,2,15,2001-12-23,2066-09-02,Marketing Specialist					
208,356,88,1968-03-07,2034-07-26,Accountant					
209,130,69,2002-01-29,2028-04-04,Manager					
210,371,53,1974-10-30,2039-10-19,Operations Manager					
211,158,28,2011-07-26,2030-01-21,HR Specialist					
212,287,6,1987-05-22,2020-04-27,Accountant					
213,293,98,2014-05-09,2055-03-29,Marketing Specialist					
214,191,8,1967-12-14,2038-02-21,Financial Analyst					
215,475,5,1980-11-26,2030-05-16,Customer Service Representative					
216,389,92,1981-03-17,2053-08-05,Sales Representative					
217,80,87,1944-08-04,2024-10-07,Developer					
218,268,81,1991-07-21,2061-05-31,Sales Representative					
219,358,16,2004-05-04,2044-03-28,Sales Representative					
220,164,36,2006-01-27,2042-10-28,Financial Analyst					
221,262,26,2002-08-04,2019-10-27,Accountant					
222,48,54,1995-07-13,2017-07-14,Sales Representative					
223,355,16,1940-10-26,2045-05-09,Manager					
224,66,96,1976-05-22,2036-10-30,Marketing Specialist					
225,309,47,2003-06-10,2023-04-05,Manager					
226,403,96,1975-12-07,2039-09-03,Developer					
227,46,20,1958-09-08,2068-05-22,Sales Representative					
228,283,29,1984-07-19,2054-06-11,IT Specialist					
229,307,71,1993-07-11,2024-12-11,Financial Analyst					
230,498,63,1983-09-15,2059-10-01,Accountant					
231,341,16,2004-07-27,2038-02-06,Manager					
232,356,55,1990-02-02,2068-01-27,Customer Service Representative					
233,310,83,1995-03-04,2041-09-17,Customer Service Representative					
234,35,81,1963-01-20,2028-01-06,Sales Representative					
235,38,36,1983-09-27,2035-05-15,Customer Service Representative					
236,8,28,1985-04-02,2053-06-13,Operations Manager					
237,304,3,1997-11-16,2037-05-15,Customer Service Representative					
238,337,12,2000-07-01,2054-08-02,Financial Analyst					
239,420,72,1995-07-16,2050-11-15,Manager					
240,149,66,1984-02-05,2021-01-26,Customer Service Representative					
241,56,80,1974-07-04,2067-04-30,Customer Service Representative					
242,66,63,1978-09-06,2020-03-01,Financial Analyst					
243,369,58,1969-12-19,2042-07-22,Developer					
244,497,62,2001-11-22,2029-12-18,Sales Representative					
245,348,90,1979-12-10,2058-12-12,Accountant					
246,150,13,1995-04-07,2056-04-11,Operations Manager					
247,112,17,1967-12-01,2050-12-14,Developer					
248,500,61,2002-03-21,2058-04-14,Sales Representative					
249,496,64,2005-05-27,2055-06-13,Operations Manager					
250,264,18,2005-12-06,2048-05-21,Marketing Specialist					
251,66,23,1969-03-20,2042-07-04,Operations Manager					
252,102,92,1950-03-15,2058-03-09,HR Specialist					
253,195,72,1950-09-29,2044-12-28,IT Specialist					
254,63,93,1956-10-12,2060-11-23,Marketing Specialist					
255,457,20,2000-02-01,2049-04-15,Financial Analyst					
256,315,25,1948-06-27,2067-01-08,Operations Manager					
257,272,24,2014-01-17,2047-04-14,HR Specialist					
258,370,56,1952-02-03,2023-10-08,Manager					
259,493,76,1985-10-06,2062-07-24,Financial Analyst					
260,233,79,1944-11-25,2018-05-03,Accountant					
261,214,60,1981-10-16,2057-12-08,Manager					
262,71,25,1974-04-28,2061-01-20,IT Specialist					
263,72,54,1979-05-11,2020-04-26,IT Specialist					
264,133,5,1986-11-20,2059-04-23,Marketing Specialist					
265,74,35,1980-05-01,2041-06-06,IT Specialist					
266,188,1,2009-04-17,2021-07-24,Developer					
267,421,34,1963-02-17,2049-10-20,HR Specialist					
268,200,53,2000-05-18,2017-04-03,Developer					
269,267,58,1981-03-08,2059-12-18,Operations Manager					
270,419,8,1978-09-12,2039-04-21,Sales Representative					
271,419,60,2012-12-08,2035-04-15,Accountant					
272,486,57,1958-08-21,2057-03-05,Customer Service Representative					
273,9,54,1987-10-23,2017-08-10,IT Specialist					
274,87,50,1978-07-27,2026-02-07,Customer Service Representative					
275,124,24,1965-08-01,2032-04-27,IT Specialist					
276,404,43,1980-04-16,2042-04-03,Financial Analyst					
277,246,30,1972-04-30,2065-01-26,Sales Representative					
278,155,30,1961-04-05,2036-04-30,Financial Analyst					
279,36,88,1949-04-14,2031-10-08,Manager					
280,434,44,1940-07-18,2018-04-15,IT Specialist					
281,497,33,1961-01-28,2035-01-01,Developer					
282,210,11,2008-09-23,2031-04-13,Accountant					
283,429,6,1989-12-02,2057-07-25,Operations Manager					
284,450,89,1948-10-14,2051-06-26,Sales Representative					
285,46,26,1976-11-02,2025-09-03,Accountant					
286,226,73,1999-08-13,2062-06-01,Sales Representative					
287,469,71,1988-04-17,2035-01-10,Financial Analyst					
288,311,42,1984-01-21,2062-12-28,Accountant					
289,184,42,1953-11-19,2046-04-13,Financial Analyst					
290,170,52,1959-01-12,2028-06-27,Accountant					
291,271,22,1956-12-19,2036-09-07,Marketing Specialist					
292,301,61,2012-04-22,2020-11-28,Developer					
293,33,37,1974-06-19,2058-11-22,Financial Analyst					
294,353,20,1998-03-30,2025-08-05,Accountant					
295,404,23,1974-11-12,2037-03-31,Developer					
296,192,58,1955-07-13,2067-12-03,Sales Representative					
297,389,95,1957-05-28,2068-08-09,IT Specialist					
298,460,74,1990-11-26,2047-01-17,IT Specialist					
299,318,4,1970-03-27,2040-07-28,HR Specialist					
300,369,27,1995-12-25,2051-10-05,Financial Analyst					
301,4,60,1996-08-20,2044-04-08,HR Specialist					
302,56,12,1994-02-20,2043-06-15,Developer					
303,67,34,1978-06-18,2031-09-07,Customer Service Representative					
304,274,97,1958-12-15,2041-03-29,Marketing Specialist					
305,5,66,1951-02-19,2035-06-04,Manager					
306,221,98,1947-05-29,2017-05-19,Marketing Specialist					
307,388,86,1960-09-01,2053-10-21,Sales Representative					
308,414,48,1947-01-17,2019-09-23,Developer					
309,405,73,1977-11-16,2022-02-18,Customer Service Representative					
310,127,82,2006-07-17,2047-11-29,IT Specialist					
311,123,59,1964-03-30,2055-09-11,Developer					
312,91,8,1957-02-26,2028-03-23,Operations Manager					
313,443,47,1967-04-15,2034-05-04,Sales Representative					
314,82,62,1957-10-10,2066-01-09,Sales Representative					
315,19,48,1945-12-29,2033-01-18,Marketing Specialist					
316,123,46,2007-07-19,2056-10-04,Customer Service Representative					
317,207,60,1960-04-23,2067-07-06,Financial Analyst					
318,467,53,1970-07-29,2020-09-05,Sales Representative					
319,420,16,1988-02-14,2043-03-26,Sales Representative					
320,51,15,1968-06-20,2068-06-29,Developer					
321,41,84,1949-04-12,2062-02-28,IT Specialist					
322,142,79,1972-07-02,2030-09-10,Customer Service Representative					
323,178,59,1946-02-24,2045-07-22,Marketing Specialist					
324,455,90,1966-12-07,2026-07-03,Accountant					
325,364,60,2013-07-23,2055-10-26,Manager					
326,132,23,2005-06-24,2064-10-03,Marketing Specialist					
327,301,15,1959-06-21,2061-09-09,Accountant					
328,347,13,2011-04-21,2045-10-16,Developer					
329,229,24,1947-07-21,2058-12-28,Customer Service Representative					
330,241,11,1967-07-20,2034-09-26,Accountant					
331,108,18,1947-07-21,2055-05-20,Financial Analyst					
332,99,86,1999-11-18,2062-06-03,Sales Representative					
333,486,72,1954-03-15,2026-06-27,Customer Service Representative					
334,255,16,2001-11-20,2068-06-10,HR Specialist					
335,192,37,2014-07-10,2025-02-09,HR Specialist					
336,38,58,1958-01-05,2025-02-05,Developer					
337,91,75,1949-02-24,2060-09-04,Developer					
338,301,8,2004-05-22,2060-08-19,Customer Service Representative					
339,294,56,1991-04-14,2033-05-21,Sales Representative					
340,370,90,1958-05-10,2020-03-28,Marketing Specialist					
341,460,45,1996-11-22,2023-02-02,HR Specialist					
342,273,24,1996-04-29,2049-11-11,Accountant					
343,49,19,1978-07-07,2063-11-01,Sales Representative					
344,361,29,1952-01-12,2047-12-15,Operations Manager					
345,485,18,1950-10-31,2042-07-27,IT Specialist					
346,441,74,1991-11-28,2047-12-07,IT Specialist					
347,314,47,2006-04-05,2065-06-23,Financial Analyst					
348,68,52,1978-06-28,2064-11-26,Financial Analyst					
349,349,7,1981-07-23,2051-06-09,Customer Service Representative					
350,370,52,1988-07-15,2068-08-24,Marketing Specialist					
351,384,35,1963-07-03,2044-02-18,Developer					
352,258,59,1994-12-25,2022-11-11,Customer Service Representative					
353,454,32,2014-10-06,2062-09-24,Financial Analyst					
354,468,39,1946-05-12,2019-10-22,Sales Representative					
355,118,10,1969-10-17,2019-02-06,Marketing Specialist					
356,492,89,1980-12-27,2067-06-28,Customer Service Representative					
357,231,11,1987-10-23,2053-11-03,Accountant					
358,36,13,1957-01-26,2025-10-03,Operations Manager					
359,165,75,1980-10-13,2049-05-13,IT Specialist					
360,417,44,1988-08-01,2065-12-29,Marketing Specialist					
361,124,74,1964-06-07,2030-08-24,Developer					
362,405,48,1959-05-07,2042-01-28,IT Specialist					
363,10,54,2014-08-08,2017-04-14,Developer					
364,256,31,2013-10-26,2060-04-15,Operations Manager					
365,321,64,1987-10-15,2056-05-17,HR Specialist					
366,478,80,1995-03-21,2023-02-18,Customer Service Representative					
367,13,63,1963-09-01,2050-11-16,Developer					
368,43,79,1952-12-14,2025-11-18,Marketing Specialist					
369,77,69,1951-01-21,2033-08-17,HR Specialist					
370,11,15,1950-10-05,2023-03-10,Customer Service Representative					
371,22,68,1969-06-15,2029-03-15,Developer					
372,14,49,2001-10-29,2039-04-30,Manager					
373,393,5,2002-03-21,2047-08-09,Sales Representative					
374,222,39,2008-06-03,2020-12-22,IT Specialist					
375,475,35,1968-06-13,2056-08-10,Financial Analyst					
376,127,81,1959-09-12,2027-08-21,Marketing Specialist					
377,401,3,2012-04-01,2057-09-21,Developer					
378,119,66,2009-10-28,2060-10-18,Marketing Specialist					
379,389,9,1946-03-17,2051-11-21,Financial Analyst					
380,273,11,2004-08-29,2058-08-08,Financial Analyst					
381,375,38,1947-10-21,2057-03-02,IT Specialist					
382,36,86,1998-01-18,2043-08-16,Financial Analyst					
383,149,50,1959-07-19,2050-04-07,Sales Representative					
384,120,22,1975-06-28,2047-12-18,Financial Analyst					
385,389,52,1956-09-08,2016-02-08,Developer					
386,102,79,1963-01-03,2055-05-07,Financial Analyst					
387,117,96,2000-07-08,2021-01-03,Customer Service Representative					
388,480,87,1968-12-24,2067-09-06,Operations Manager					
389,472,17,1940-02-24,2027-06-07,Customer Service Representative					
390,73,74,1969-09-04,2035-11-07,Marketing Specialist					
391,219,61,1942-12-15,2046-08-12,Customer Service Representative					
392,291,3,1968-01-05,2061-09-08,HR Specialist					
393,80,8,1942-08-01,2024-11-27,Sales Representative					
394,220,38,1995-05-29,2019-05-07,Financial Analyst					
395,94,32,2001-10-24,2056-07-16,Developer					
396,195,99,1948-03-09,2048-10-28,IT Specialist					
397,364,86,1986-11-04,2020-02-05,Developer					
398,185,83,1984-10-17,2053-03-23,Manager					
399,432,29,1976-07-16,2065-05-17,Accountant					
400,402,60,1984-07-08,2042-12-17,Customer Service Representative					
401,396,25,1947-09-28,2036-01-15,Marketing Specialist					
402,346,65,2000-07-27,2044-03-07,Operations Manager					
403,432,67,1993-02-28,2018-08-04,Sales Representative					
404,378,18,1946-12-15,2041-02-02,Manager					
405,339,59,1986-04-05,2024-11-12,Operations Manager					
406,431,24,1978-10-21,2023-02-14,Manager					
407,477,32,1999-06-11,2059-12-01,Financial Analyst					
408,482,32,1967-08-24,2065-07-11,Customer Service Representative					
409,309,72,2001-09-02,2060-04-12,Developer					
410,310,70,1989-11-24,2040-10-29,Financial Analyst					
411,354,6,2009-02-26,2028-08-27,Manager					
412,256,79,1980-09-15,2021-01-04,Manager					
413,466,41,1996-05-18,2052-09-18,Manager					
414,194,24,1968-03-20,2062-05-07,Developer					
415,146,8,1947-04-19,2046-05-05,Financial Analyst					
416,334,99,1974-03-01,2018-07-18,HR Specialist					
417,450,9,2010-03-26,2037-06-30,Operations Manager					
418,186,75,1960-08-06,2058-02-02,Marketing Specialist					
419,42,31,1966-06-23,2021-04-14,Developer					
420,169,21,1993-07-24,2027-12-19,Sales Representative					
421,453,10,1984-10-31,2046-10-23,IT Specialist					
422,3,37,1978-07-06,2025-09-10,HR Specialist					
423,123,40,1987-08-23,2066-08-08,Operations Manager					
424,173,70,2011-03-13,2035-06-10,IT Specialist					
425,463,26,2009-10-12,2057-11-30,Financial Analyst					
426,412,80,1980-03-14,2059-01-02,Marketing Specialist					
427,354,44,1993-11-13,2026-04-22,Developer					
428,8,61,1992-12-09,2039-07-20,Operations Manager					
429,229,83,1968-11-23,2062-07-17,Customer Service Representative					
430,114,75,1949-10-18,2048-01-12,IT Specialist					
431,176,55,1995-11-04,2052-08-25,Marketing Specialist					
432,233,70,1963-09-02,2033-10-17,Marketing Specialist					
433,479,17,1963-05-14,2060-11-25,Customer Service Representative					
434,14,95,1986-01-05,2056-10-24,Manager					
435,300,29,1958-02-22,2046-08-09,Accountant					
436,92,47,1999-02-24,2022-11-07,IT Specialist					
437,240,73,1959-01-17,2065-01-21,Customer Service Representative					
438,31,20,2012-02-06,2058-07-10,Manager					
439,88,12,1985-12-16,2047-07-25,Operations Manager					
440,287,77,2000-07-06,2026-04-17,HR Specialist					
441,234,32,1958-03-22,2035-03-22,HR Specialist					
442,488,67,1965-02-23,2061-05-11,Customer Service Representative					
443,434,20,2007-07-03,2042-07-17,Marketing Specialist					
444,224,30,1968-03-16,2023-11-25,Accountant					
445,404,80,1998-08-23,2069-03-29,Sales Representative					
446,363,28,1967-03-04,2018-04-04,Developer					
447,461,99,1993-10-13,2051-09-28,Financial Analyst					
448,236,92,1984-10-02,2063-08-08,Sales Representative					
449,472,18,1980-12-10,2038-09-11,IT Specialist					
450,44,15,1964-04-07,2035-10-03,Accountant					
451,230,94,1985-01-26,2040-02-13,IT Specialist					
452,486,86,1961-09-04,2030-01-09,Marketing Specialist					
453,356,72,1945-06-08,2016-05-12,Accountant					
454,333,86,1973-04-14,2045-07-31,Operations Manager					
455,108,16,1970-08-28,2054-02-07,Sales Representative					
456,390,5,1987-03-10,2034-01-15,Financial Analyst					
457,440,89,1990-10-28,2060-08-29,IT Specialist					
458,278,73,1961-06-20,2056-03-25,Developer					
459,260,17,1983-07-12,2069-04-28,Manager					
460,193,95,1968-05-26,2031-03-12,Marketing Specialist					
461,329,83,1948-05-09,2067-02-09,Financial Analyst					
462,283,86,1980-01-05,2043-11-23,IT Specialist					
463,249,14,1942-06-02,2018-09-27,Manager					
464,133,6,1984-02-21,2064-01-24,Customer Service Representative					
465,232,36,2006-02-25,2033-06-30,Financial Analyst					
466,286,52,2004-01-21,2066-02-04,Manager					
467,409,28,1988-03-18,2043-09-12,Marketing Specialist					
468,54,85,1992-03-03,2067-04-27,Operations Manager					
469,217,49,1966-02-16,2041-05-22,IT Specialist					
470,421,4,1955-08-06,2059-05-31,Accountant					
471,286,67,1993-08-05,2053-10-25,HR Specialist					
472,274,92,1991-04-28,2032-05-22,Customer Service Representative					
473,265,30,2010-02-05,2045-01-20,Accountant					
474,15,34,2012-09-18,2029-12-08,Sales Representative					
475,477,53,1999-05-05,2056-05-16,Operations Manager					
476,302,57,1968-12-06,2057-10-03,IT Specialist					
477,255,21,1943-08-08,2069-11-01,IT Specialist					
478,258,92,1966-01-08,2027-01-28,Operations Manager					
479,226,84,1974-11-29,2019-06-27,Manager					
480,39,21,2002-06-25,2016-06-06,HR Specialist					
481,424,24,2000-11-08,2031-11-22,Sales Representative					
482,152,29,1985-10-25,2031-05-20,Manager					
483,414,98,1974-08-30,2032-08-12,Financial Analyst					
484,49,69,1986-09-25,2027-02-24,IT Specialist					
485,25,86,1981-07-28,2024-02-17,HR Specialist					
486,150,28,2005-05-13,2057-10-24,Sales Representative					
487,464,83,1952-07-31,2036-06-29,Developer					
488,302,24,2001-10-28,2024-10-28,Manager					
489,194,75,1945-09-22,2069-06-15,Manager					
490,416,88,1989-11-07,2032-01-06,Operations Manager					
491,161,83,1995-01-04,2025-04-27,Marketing Specialist					
492,460,13,2013-02-10,2018-02-14,Customer Service Representative					
493,273,38,1975-05-04,2021-06-20,Operations Manager					
494,444,10,1951-11-19,2041-05-31,Manager					
495,466,21,1972-09-21,2065-09-27,HR Specialist					
496,204,66,1968-12-18,2037-06-04,Sales Representative					
497,369,66,1965-04-22,2022-11-06,IT Specialist					
498,207,13,1970-12-19,2023-05-14,Developer					
499,369,35,1984-09-15,2051-08-30,Sales Representative					
500,415,56,1949-05-12,2058-02-06,Manager					
501,423,29,1983-07-03,2038-10-09,Customer Service Representative					
502,31,15,1978-01-19,2035-06-03,IT Specialist					
503,318,25,1984-10-24,2063-03-13,Customer Service Representative					
504,319,56,1987-09-03,2030-02-20,Accountant					
505,342,62,1970-04-26,2030-01-25,Customer Service Representative					
506,17,1,1970-05-25,2041-03-11,Marketing Specialist					
507,449,86,1947-10-04,2057-03-28,Financial Analyst					
508,9,9,1954-03-09,2059-06-27,Customer Service Representative					
509,276,6,2004-08-07,2035-01-25,Marketing Specialist					
510,429,11,1954-05-05,2058-02-02,HR Specialist					
511,450,69,1960-06-13,2034-03-25,Developer					
512,240,49,2003-12-22,2032-03-24,Customer Service Representative					
513,193,17,1993-12-19,2058-08-17,Marketing Specialist					
514,228,83,2003-05-02,2044-11-14,IT Specialist					
515,437,4,1965-04-01,2044-06-23,IT Specialist					
516,352,89,2013-01-21,2027-04-13,Financial Analyst					
517,409,91,1992-04-07,2034-02-15,Operations Manager					
518,92,72,1943-03-21,2029-10-11,Sales Representative					
519,29,2,1940-02-02,2059-11-10,Customer Service Representative					
520,75,100,1999-02-09,2026-03-12,Manager					
521,60,49,1952-08-05,2049-09-20,Developer					
522,185,79,2003-11-08,2059-01-10,Financial Analyst					
523,481,27,2011-02-13,2019-12-21,Sales Representative					
524,131,1,1957-10-18,2038-03-18,Sales Representative					
525,162,62,1947-04-05,2036-11-14,Developer					
526,151,41,1970-09-24,2038-01-13,Financial Analyst					
527,454,48,1987-10-21,2056-12-09,HR Specialist					
528,386,81,2014-09-08,2065-10-19,Operations Manager					
529,15,5,1961-08-21,2033-07-14,Developer					
530,118,75,1963-08-05,2031-07-21,IT Specialist					
531,234,13,2013-06-26,2026-05-13,Operations Manager					
532,247,93,1960-01-22,2033-08-04,Operations Manager					
533,286,92,2000-10-29,2043-10-13,Developer					
534,308,40,1942-11-20,2068-01-06,IT Specialist					
535,17,14,1989-12-22,2045-09-18,HR Specialist					
536,419,30,1996-11-09,2060-02-12,Financial Analyst					
537,157,21,1959-03-15,2032-10-18,Developer					
538,352,86,1994-06-04,2027-04-08,Developer					
539,113,54,2014-07-12,2044-01-11,IT Specialist					
540,167,99,1992-12-13,2047-11-08,Financial Analyst					
541,107,19,1977-12-25,2040-08-17,Financial Analyst					
542,261,65,1997-04-10,2068-07-08,Customer Service Representative					
543,108,37,1982-04-05,2016-04-30,Financial Analyst					
544,233,9,1959-06-04,2051-11-02,Accountant					
545,363,80,1941-02-03,2050-12-24,Operations Manager					
546,164,39,1969-04-21,2057-05-20,IT Specialist					
547,173,56,1981-09-04,2019-04-27,HR Specialist					
548,30,19,2005-10-17,2044-08-24,Manager					
549,438,70,2005-06-07,2030-06-04,Manager					
550,176,64,1942-09-16,2060-01-20,Financial Analyst					
551,499,24,1957-07-26,2019-07-20,Customer Service Representative					
552,115,34,1980-07-08,2054-04-11,Developer					
553,319,32,2012-09-28,2057-03-29,Accountant					
554,340,21,1991-11-17,2020-02-15,IT Specialist					
555,494,5,1988-09-05,2032-09-14,Financial Analyst					
556,338,75,1978-05-16,2048-07-14,HR Specialist					
557,494,16,1980-08-01,2017-09-21,Operations Manager					
558,3,83,1997-05-21,2040-12-27,IT Specialist					
559,456,48,1964-09-28,2046-04-02,Developer					
560,147,53,1981-12-19,2047-03-08,Developer					
561,176,9,1995-11-17,2028-12-14,Sales Representative					
562,189,35,2008-02-25,2057-05-28,Operations Manager					
563,155,48,1975-06-07,2030-08-22,Customer Service Representative					
564,66,78,1985-04-09,2062-09-22,Customer Service Representative					
565,175,39,1990-01-30,2048-04-20,Developer					
566,452,74,1977-12-14,2053-07-19,Financial Analyst					
567,312,21,1978-05-09,2066-05-14,Customer Service Representative					
568,208,51,1979-06-02,2052-05-24,IT Specialist					
569,202,81,1979-12-10,2029-09-06,Manager					
570,215,56,1972-07-26,2067-06-19,Developer					
571,415,69,1956-08-13,2061-12-26,Sales Representative					
572,244,46,2001-12-15,2030-01-03,Developer					
573,464,64,1972-06-01,2023-11-21,IT Specialist					
574,118,26,1976-10-23,2025-03-09,HR Specialist					
575,372,71,1993-05-13,2039-05-17,Customer Service Representative					
576,279,87,2002-10-25,2064-04-15,Developer					
577,20,58,1967-07-01,2046-04-03,Sales Representative					
578,169,28,1949-02-28,2027-06-14,Accountant					
579,480,21,2003-11-16,2021-04-11,Customer Service Representative					
580,169,95,2004-01-25,2039-06-11,Financial Analyst					
581,123,27,1954-04-14,2017-03-07,Operations Manager					
582,394,43,1947-03-16,2019-02-17,Developer					
583,41,87,1984-06-13,2039-12-01,Developer					
584,398,42,2006-08-10,2028-09-19,Marketing Specialist					
585,315,76,1975-04-25,2032-10-14,Marketing Specialist					
586,281,37,1998-08-03,2020-07-13,Financial Analyst					
587,92,66,1990-08-12,2068-02-14,IT Specialist					
588,182,8,1941-02-21,2018-06-06,HR Specialist					
589,463,99,1984-05-09,2055-05-26,Accountant					
590,435,57,1957-12-20,2017-06-14,Financial Analyst					
591,233,81,2010-05-10,2060-08-14,Operations Manager					
592,99,17,1964-12-19,2060-02-23,Accountant					
593,412,36,1988-02-06,2023-05-07,Customer Service Representative					
594,432,59,1966-10-26,2061-09-27,Accountant					
595,470,41,1950-07-14,2031-07-05,Financial Analyst					
596,24,85,1979-12-13,2043-02-13,Accountant					
597,317,87,1978-07-06,2059-04-16,Sales Representative					
598,440,70,1988-12-28,2040-06-14,Sales Representative					
599,263,51,1942-12-17,2037-02-02,Manager					
600,408,75,1941-02-28,2032-06-12,HR Specialist					
601,192,58,1986-10-11,2018-08-01,Operations Manager					
602,411,47,1975-05-15,2053-10-01,HR Specialist					
603,220,43,1946-02-22,2066-08-26,Marketing Specialist					
604,124,12,2001-09-03,2018-08-24,Operations Manager					
605,7,98,2010-05-14,2057-04-23,HR Specialist					
606,473,11,1943-04-07,2053-10-30,Developer					
607,262,27,2007-01-30,2069-04-03,Customer Service Representative					
608,242,29,1989-03-28,2017-02-12,Customer Service Representative					
609,366,64,1945-10-27,2026-04-04,Operations Manager					
610,446,99,1962-04-28,2047-05-13,Operations Manager					
611,428,3,1957-06-23,2061-01-24,Marketing Specialist					
612,462,70,1987-09-09,2036-11-13,HR Specialist					
613,211,88,1973-01-09,2019-07-07,HR Specialist					
614,62,83,1957-06-12,2024-04-30,HR Specialist					
615,105,22,1997-02-03,2063-07-31,HR Specialist					
616,226,43,1950-08-02,2022-11-01,HR Specialist					
617,218,58,1954-01-16,2032-08-14,Customer Service Representative					
618,317,4,1994-03-10,2047-04-09,Sales Representative					
619,98,6,1991-12-16,2042-02-20,Customer Service Representative					
620,268,38,1996-12-28,2066-04-02,HR Specialist					
621,159,73,1978-03-05,2059-12-31,Sales Representative					
622,100,54,1980-11-11,2026-03-03,Operations Manager					
623,293,58,1948-03-07,2052-06-15,Customer Service Representative					
624,442,76,1958-11-13,2048-01-08,Customer Service Representative					
625,55,56,1991-11-25,2036-02-08,Customer Service Representative					
626,76,17,1978-03-11,2044-12-03,Customer Service Representative					
627,467,85,2004-12-01,2049-04-25,HR Specialist					
628,128,80,2007-03-21,2053-11-16,Sales Representative					
629,363,7,1978-08-01,2049-09-17,Manager					
630,292,10,2006-10-26,2034-02-11,IT Specialist					
631,497,36,1981-09-08,2058-04-27,Financial Analyst					
632,375,76,1998-11-09,2024-07-18,HR Specialist					
633,157,17,1951-10-20,2025-12-30,Marketing Specialist					
634,277,50,1973-11-15,2062-02-21,Sales Representative					
635,153,77,2000-01-20,2019-03-11,Sales Representative					
636,498,84,2014-05-28,2066-10-16,Financial Analyst					
637,77,23,1955-02-16,2053-01-20,Developer					
638,224,30,2002-04-13,2028-03-14,Sales Representative					
639,301,13,2010-04-03,2020-02-25,Sales Representative					
640,83,45,1986-04-28,2035-02-07,Operations Manager					
641,456,86,1964-08-09,2057-08-25,Customer Service Representative					
642,42,20,1942-07-23,2061-09-30,Customer Service Representative					
643,103,89,1990-03-20,2061-04-14,Accountant					
644,471,55,2009-12-28,2047-07-31,IT Specialist					
645,405,4,1958-05-23,2040-06-03,HR Specialist					
646,269,82,1943-02-11,2050-02-07,Customer Service Representative					
647,50,87,1974-06-10,2062-10-31,Financial Analyst					
648,245,13,1972-04-09,2026-08-19,IT Specialist					
649,428,30,1986-03-22,2045-07-09,Financial Analyst					
650,121,71,1940-08-04,2036-10-26,Financial Analyst					
651,391,2,1966-03-12,2054-11-05,HR Specialist					
652,353,77,1962-05-29,2068-04-05,Manager					
653,223,10,1979-05-17,2033-11-27,Developer					
654,100,25,1997-10-31,2018-03-10,Marketing Specialist					
655,124,45,2011-02-28,2026-03-09,Operations Manager					
656,469,39,1995-09-17,2040-10-20,Customer Service Representative					
657,341,59,1963-10-05,2062-12-23,Accountant					
658,196,30,2010-01-30,2031-08-20,Financial Analyst					
659,192,10,2005-09-20,2025-08-24,HR Specialist					
660,45,48,1947-06-23,2055-10-20,IT Specialist					
661,90,54,1946-06-10,2069-04-02,Financial Analyst					
662,382,59,1984-12-31,2059-08-11,HR Specialist					
663,94,91,1978-07-10,2039-11-24,IT Specialist					
664,403,46,1997-05-17,2026-03-31,Sales Representative					
665,441,20,1958-07-30,2034-08-29,Operations Manager					
666,35,62,1996-02-04,2023-07-05,HR Specialist					
667,457,93,1964-03-21,2017-09-13,Accountant					
668,153,55,1998-11-04,2065-10-28,HR Specialist					
669,351,90,1971-06-21,2032-08-03,HR Specialist					
670,322,37,1945-02-03,2067-08-16,Manager					
671,58,60,1980-09-17,2045-04-28,Operations Manager					
672,152,51,1953-02-20,2026-12-05,Sales Representative					
673,480,99,2008-06-26,2044-10-06,Marketing Specialist					
674,53,3,1981-03-11,2069-03-18,Financial Analyst					
675,431,80,1982-01-22,2030-07-16,HR Specialist					
676,184,3,1975-09-24,2026-11-13,Operations Manager					
677,317,22,1995-06-13,2022-04-11,Accountant					
678,289,5,2013-08-25,2032-10-11,Financial Analyst					
679,77,94,2014-09-30,2044-06-28,Customer Service Representative					
680,59,96,1954-01-17,2018-10-30,Accountant					
681,142,82,1950-03-09,2024-05-05,Marketing Specialist					
682,341,52,1949-12-02,2068-07-07,Sales Representative					
683,309,23,1968-11-11,2064-01-11,IT Specialist					
684,302,98,1940-11-22,2064-10-23,HR Specialist					
685,50,44,1976-05-13,2019-09-27,Operations Manager					
686,363,61,1944-02-18,2032-06-15,Customer Service Representative					
687,312,72,1959-04-03,2027-12-19,Accountant					
688,455,35,1969-08-26,2051-10-06,Marketing Specialist					
689,310,52,2010-12-02,2043-01-29,Developer					
690,190,62,1957-08-10,2051-03-09,Customer Service Representative					
691,374,41,1964-10-07,2053-04-14,HR Specialist					
692,58,77,1992-08-04,2051-09-14,Financial Analyst					
693,212,69,2008-10-20,2038-08-06,Sales Representative					
694,343,1,1952-04-05,2033-01-07,Customer Service Representative					
695,220,86,1968-04-05,2062-08-05,Accountant					
696,258,67,1990-08-24,2052-04-27,Financial Analyst					
697,479,63,1963-10-10,2025-03-17,Accountant					
698,479,67,2005-01-30,2059-11-12,Financial Analyst					
699,382,99,1958-06-01,2017-02-17,Developer					
700,81,53,1998-04-16,2051-09-02,HR Specialist			